{
  "Ansi 7 Color (Light)" : {
    "Red Component" : 0.99999600648880005,
    "Color Space" : "sRGB",
    "Blue Component" : 1,
    "Alpha Component" : 1,
    "Green Component" : 1
  },
  "Ansi 15 Color (Light)" : {
    "Red Component" : 0.99999600648880005,
    "Color Space" : "sRGB",
    "Blue Component" : 1,
    "Alpha Component" : 1,
    "Green Component" : 1
  },
  "Ansi 2 Color (Light)" : {
    "Red Component" : 0.40891778469085693,
    "Color Space" : "P3",
    "Blue Component" : 0.32375553250312805,
    "Alpha Component" : 1,
    "Green Component" : 0.81996941566467285
  },
  "Bold Color" : {
    "Red Component" : 0.062745101749897003,
    "Color Space" : "sRGB",
    "Blue Component" : 0.062745101749897003,
    "Alpha Component" : 1,
    "Green Component" : 0.062745101749897003
  },
  "Ansi 1 Color (Dark)" : {
    "Red Component" : 1,
    "Color Space" : "sRGB",
    "Blue Component" : 0.25651749968528748,
    "Alpha Component" : 1,
    "Green Component" : 0.30058383941650391
  },
  "Use Bright Bold" : true,
  "Ansi 9 Color (Light)" : {
    "Red Component" : 1,
    "Color Space" : "sRGB",
    "Blue Component" : 0.47006773948669434,
    "Alpha Component" : 1,
    "Green Component" : 0.48961412906646729
  },
  "Ansi 8 Color (Dark)" : {
    "Red Component" : 0.25586599111557007,
    "Color Space" : "sRGB",
    "Blue Component" : 0.25586915016174316,
    "Alpha Component" : 1,
    "Green Component" : 0.25587284564971924
  },
  "Background Color" : {
    "Red Component" : 0.97999999999999998,
    "Color Space" : "sRGB",
    "Blue Component" : 0.97999999999999998,
    "Alpha Component" : 1,
    "Green Component" : 0.97999999999999998
  },
  "Columns" : 190,
  "Ansi 8 Color" : {
    "Red Component" : 0.40781760215759277,
    "Color Space" : "sRGB",
    "Blue Component" : 0.4078223705291748,
    "Alpha Component" : 1,
    "Green Component" : 0.40782788395881653
  },
  "Right Option Key Sends" : 0,
  "Ansi 4 Color (Light)" : {
    "Red Component" : 0.25234001874923706,
    "Color Space" : "sRGB",
    "Blue Component" : 0.88060396909713745,
    "Alpha Component" : 1,
    "Green Component" : 0.7008507251739502
  },
  "Blinking Cursor" : true,
  "Selected Text Color (Light)" : {
    "Red Component" : 0.92175871133804321,
    "Color Space" : "sRGB",
    "Blue Component" : 0.84702622890472412,
    "Alpha Component" : 1,
    "Green Component" : 0.90398252010345459
  },
  "Selected Text Color (Dark)" : {
    "Red Component" : 0.92175871133804321,
    "Color Space" : "sRGB",
    "Blue Component" : 0.84702622890472412,
    "Alpha Component" : 1,
    "Green Component" : 0.90398252010345459
  },
  "Cursor Type" : 1,
  "Keyboard Map" : {
    "0x7f-0x80000" : {
      "Action" : 11,
      "Text" : "0x1b 0x7f"
    },
    "0xf702-0x280000" : {
      "Action" : 10,
      "Text" : "b"
    },
    "0xf702-0x300000" : {
      "Action" : 11,
      "Text" : "0x1"
    },
    "0xf728-0x80000" : {
      "Action" : 10,
      "Text" : "d"
    },
    "0x7f-0x100000" : {
      "Action" : 11,
      "Text" : "0x15"
    },
    "0xf703-0x300000" : {
      "Action" : 11,
      "Text" : "0x5"
    },
    "0xf728-0x0" : {
      "Action" : 11,
      "Text" : "0x4"
    },
    "0xf703-0x280000" : {
      "Action" : 10,
      "Text" : "f"
    }
  },
  "AWDS Pane Option" : "No",
  "Ansi 3 Color (Dark)" : {
    "Red Component" : 0.92684400081634521,
    "Color Space" : "sRGB",
    "Blue Component" : 0.34589937329292297,
    "Alpha Component" : 1,
    "Green Component" : 0.80673152208328247
  },
  "AWDS Window Option" : "No",
  "Visual Bell" : true,
  "Only The Default BG Color Uses Transparency" : true,
  "Cursor Text Color" : {
    "Red Component" : 1,
    "Color Space" : "sRGB",
    "Blue Component" : 1,
    "Alpha Component" : 1,
    "Green Component" : 1
  },
  "AWDS Tab Directory" : "",
  "Scrollback Lines" : 1000,
  "Selection Color (Light)" : {
    "Red Component" : 0.19109529256820679,
    "Color Space" : "sRGB",
    "Blue Component" : 0.31934511661529541,
    "Alpha Component" : 1,
    "Green Component" : 0.26156574487686157
  },
  "Ansi 0 Color" : {
    "Red Component" : 0.078431375324726105,
    "Color Space" : "sRGB",
    "Blue Component" : 0.11764705926179886,
    "Alpha Component" : 1,
    "Green Component" : 0.098039217293262482
  },
  "Match Background Color (Dark)" : {
    "Red Component" : 0.99697142839431763,
    "Color Space" : "P3",
    "Blue Component" : 0.32116127014160156,
    "Alpha Component" : 1,
    "Green Component" : 0.98600882291793823
  },
  "Ansi 11 Color (Light)" : {
    "Red Component" : 1,
    "Color Space" : "sRGB",
    "Blue Component" : 0.54596829414367676,
    "Alpha Component" : 1,
    "Green Component" : 0.96540826559066772
  },
  "Ansi 5 Color (Dark)" : {
    "Red Component" : 0.96095067262649536,
    "Color Space" : "sRGB",
    "Blue Component" : 0.54336923360824585,
    "Alpha Component" : 1,
    "Green Component" : 0.53200650215148926
  },
  "Cursor Text Color (Light)" : {
    "Red Component" : 0.92175871133804321,
    "Color Space" : "sRGB",
    "Blue Component" : 0.84702622890472412,
    "Alpha Component" : 1,
    "Green Component" : 0.90398252010345459
  },
  "Silence Bell" : false,
  "Rows" : 50,
  "Guid" : "9C90F163-4B66-410F-8F5E-C901975FAAB9",
  "Ansi 14 Color (Dark)" : {
    "Red Component" : 0.63921570777893066,
    "Color Space" : "sRGB",
    "Blue Component" : 0.83529412746429443,
    "Alpha Component" : 1,
    "Green Component" : 0.91372549533843994
  },
  "Ansi 15 Color (Dark)" : {
    "Red Component" : 0.99999600648880005,
    "Color Space" : "sRGB",
    "Blue Component" : 1,
    "Alpha Component" : 1,
    "Green Component" : 1
  },
  "Ansi 0 Color (Dark)" : {
    "Red Component" : 0,
    "Color Space" : "sRGB",
    "Blue Component" : 0,
    "Alpha Component" : 1,
    "Green Component" : 0
  },
  "Ambiguous Double Width" : false,
  "Option Key Sends" : 0,
  "Ansi 3 Color" : {
    "Red Component" : 0.78058648109436035,
    "Color Space" : "sRGB",
    "Blue Component" : 0,
    "Alpha Component" : 1,
    "Green Component" : 0.76959484815597534
  },
  "Window Type" : 0,
  "BM Growl" : true,
  "Prompt Before Closing 2" : false,
  "Command" : "",
  "AWDS Tab Option" : "No",
  "Selected Text Color" : {
    "Red Component" : 0,
    "Color Space" : "sRGB",
    "Blue Component" : 0,
    "Alpha Component" : 1,
    "Green Component" : 0
  },
  "Ansi 14 Color (Light)" : {
    "Red Component" : 0.63921570777893066,
    "Color Space" : "sRGB",
    "Blue Component" : 0.83529412746429443,
    "Alpha Component" : 1,
    "Green Component" : 0.91372549533843994
  },
  "Automatically Enable Alternate Mouse Scroll" : true,
  "Cursor Guide Color (Dark)" : {
    "Red Component" : 0.70196080207824707,
    "Color Space" : "sRGB",
    "Blue Component" : 1,
    "Alpha Component" : 0.050000000000000003,
    "Green Component" : 0.92549020051956177
  },
  "Send Code When Idle" : false,
  "Ansi 6 Color" : {
    "Red Component" : 0,
    "Color Space" : "sRGB",
    "Blue Component" : 0.78166204690933228,
    "Alpha Component" : 1,
    "Green Component" : 0.77425903081893921
  },
  "Jobs to Ignore" : [
    "rlogin",
    "ssh",
    "slogin",
    "telnet"
  ],
  "Badge Color (Dark)" : {
    "Red Component" : 1,
    "Color Space" : "sRGB",
    "Blue Component" : 0,
    "Alpha Component" : 0.5,
    "Green Component" : 0.1491314172744751
  },
  "Cursor Color" : {
    "Red Component" : 0,
    "Color Space" : "sRGB",
    "Blue Component" : 0,
    "Alpha Component" : 1,
    "Green Component" : 0
  },
  "Vertical Spacing" : 1,
  "Disable Window Resizing" : true,
  "Close Sessions On End" : true,
  "Selection Color (Dark)" : {
    "Red Component" : 0.19109529256820679,
    "Color Space" : "sRGB",
    "Blue Component" : 0.31934511661529541,
    "Alpha Component" : 1,
    "Green Component" : 0.26156574487686157
  },
  "Default Bookmark" : "No",
  "Foreground Color (Light)" : {
    "Red Component" : 0.90196079015731812,
    "Color Space" : "sRGB",